B002-C002-0001,B002-C002-0002,B002-C002-0003,B002-C002-0004,B002-C002-0005,B002-C002-0006,B002-C002-0007,B002-C002-0008,B002-C002-0009,B002-C002-0010,B002-C002-0011
23.036031042128602,2.6765327695560255,3.612796833773087,4.97945205479452,34.6967032967033,3.961194029850746,4.390243902439025,0.9457317073170737,4.0821678321678325,0.9117647058823529,10.753670473083197
20.151053215077606,2.468287526427061,3.3931398416886545,4.420376712328767,24.58681318681319,2.58089552238806,3.7277089164334267,0.9457317073170737,2.9510489510489513,0.9705882352941176,11.776508972267537
15.585643015521065,2.1617336152219875,3.6273087071240107,4.725171232876712,22.333186813186813,2.531940298507463,3.2518992403038784,0.9457317073170737,2.707167832167832,0.5,12.440456769983687
14.851441241685144,2.2304439746300213,3.5145118733509233,5.2354452054794525,23.318681318681318,2.7719402985074626,3.722111155537785,0.9457317073170737,3.1083916083916083,0.47058823529411764,13.593800978792823
18.162416851441243,2.7674418604651163,4.174802110817942,7.093321917808219,29.12879120879121,3.4286567164179105,4.58296681327469,0.9457317073170737,4.695804195804196,0.5588235294117647,10.455138662316477
20.449833702882483,2.95877378435518,4.647097625329815,7.99486301369863,32.70153846153846,4.158208955223881,4.958816473410636,0.9457317073170737,5.1573426573426575,0.7058823529411765,9.388254486133768
23.244733924611975,3.019027484143763,4.33509234828496,7.744006849315069,31.900219780219782,4.360597014925373,4.8172730907636945,0.9457317073170737,4.26486013986014,0.7058823529411765,10.34094616639478
28.341740576496672,2.620507399577167,3.4953825857519787,6.572773972602739,25.823296703296702,4.882388059701492,4.221511395441823,0.9457317073170737,3.4038461538461537,0.9411764705882353,7.810766721044046
30.133037694013304,2.556025369978858,3.455145118733509,5.941780821917808,26.694065934065932,5.1408955223880595,4.001999200319872,0.9457317073170737,3.007867132867133,0.9705882352941176,9.177814029363784
27.996951219512194,2.2378435517970403,3.253957783641161,5.337328767123288,23.204835164835163,4.678805970149254,3.7544982007197123,0.9457317073170737,2.6695804195804196,0.9411764705882353,6.641109298531811
17.857538802660756,2.1596194503171247,3.191952506596306,5.279109589041096,22.5389010989011,4.695522388059701,3.8168732506997203,0.9457317073170737,2.763111888111888,0.6764705882352942,6.551386623164763
20.524667405764966,2.3921775898520083,3.6721635883905015,6.337328767123288,25.81098901098901,3.2961194029850747,4.199120351859256,0.9457317073170737,3.6486013986013988,1.0294117647058822,8.639477977161501
22.30737250554324,2.9978858350951376,3.686675461741425,7.361301369863014,29.4378021978022,3.360597014925373,4.38984406237505,0.9457317073170737,5.256118881118881,1.2941176470588236,10.916802610114193
23.257760532150776,2.9133192389006344,3.7110817941952505,6.926369863013699,39.0610989010989,3.445970149253731,4.499000399840064,0.9457317073170737,5.613636363636363,1.2058823529411764,13.429037520391518
22.373059866962308,2.9112050739957716,3.4980211081794197,6.066780821917808,36.76307692307692,3.225671641791045,4.353058776489404,0.9457317073170737,5.554195804195804,0.7058823529411765,13.267536704730832
20.837860310421284,2.449260042283298,3.08245382585752,5.873287671232877,33.4167032967033,2.951044776119403,4.127548980407837,0.9457317073170737,3.799825174825175,0.4117647058823529,11.629690048939642
17.938470066518846,2.2156448202959833,2.920844327176781,5.685787671232877,32.652747252747254,3.4023880597014924,3.7441023590563773,0.9457317073170737,4.354895104895105,0.47058823529411764,8.256117455138662
21.708148558758314,2.451374207188161,3.2737467018469655,6.292808219178082,29.396923076923077,4.046567164179105,3.987205117952819,0.9457317073170737,5.569055944055944,0.8823529411764706,7.311582381729201
21.89911308203991,2.5084566596194504,3.1609498680738786,6.472602739726027,32.244835164835166,3.9892537313432834,4.053578568572571,0.9457317073170737,5.126748251748252,0.8529411764705882,7.559543230016313
25.101164079822617,2.7304439746300213,3.717018469656992,6.787671232876712,32.39208791208791,4.493731343283582,4.337864854058377,0.9457317073170737,4.844405594405594,0.8235294117647058,8.05057096247961
26.00471175166297,2.7769556025369977,3.962401055408971,7.183219178082192,40.59648351648352,4.479402985074627,4.530987604958017,0.9457317073170737,4.881993006993007,1.088235294117647,8.226753670473084
22.847838137472284,2.525369978858351,3.7895778364116093,6.511130136986301,53.4843956043956,4.385671641791045,4.247900839664134,0.9457317073170737,4.6424825174825175,0.6470588235294118,7.283849918433932
21.875554323725055,2.2695560253699787,3.7559366754617414,5.593321917808219,50.002197802197806,3.844179104477612,3.8104758096761295,0.9457317073170737,4.398601398601398,0.7058823529411765,6.199021207177814
20.62389135254989,1.9534883720930232,3.0006596306068603,5.109589041095891,48.424175824175826,3.3140298507462687,3.2950819672131146,0.9457317073170737,3.7587412587412588,0.5,6.030995106035889
24.036862527716185,1.9260042283298098,3.020448548812665,5.980308219178082,32.69450549450549,2.8686567164179104,3.2327069172331067,0.9457317073170737,3.4160839160839163,0.4411764705882353,6.789559543230016
26.677383592017737,2.13107822410148,3.4722955145118735,8.856164383561644,39.715164835164835,3.6459701492537313,3.589364254298281,0.9457317073170737,3.6547202797202796,0.7352941176470589,8.810766721044045
27.54268292682927,2.5813953488372094,3.571899736147757,9.758561643835616,66.12,4.384477611940299,3.9416233506597362,0.9457317073170737,4.013986013986014,1.1176470588235294,9.570962479608482
21.5230044345898,2.1892177589852007,3.405013192612137,10.282534246575343,71.53054945054944,4.053731343283582,3.6673330667732906,1.0048780487804878,3.8723776223776225,1.3529411764705883,8.03425774877651
16.258037694013304,1.9957716701902748,2.8660949868073877,7.25513698630137,53.92087912087912,3.053731343283582,2.970011995201919,1.1097560975609757,3.0804195804195804,1.0,6.208809135399674
11.552660753880266,1.6638477801268499,2.3350923482849604,5.232020547945205,39.76527472527472,2.276417910447761,2.320671731307477,1.0414634146341464,2.745629370629371,0.7647058823529411,4.106035889070147
10.335920177383592,2.1522198731501057,2.0936675461741423,4.348244863013701,27.55824175824176,1.9373134328358208,2.1712315073970427,0.9457317073170737,2.1975524475524475,0.35294117647058826,4.226753670473083
9.588691796008868,1.7980972515856237,1.7552770448548813,4.348244863013701,25.245714285714286,2.031044776119403,2.1712315073970427,0.9457317073170737,2.047202797202797,0.5588235294117647,3.970636215334421
10.387749445676276,1.952431289640592,2.0982849604221636,4.952910958904109,18.959120879120878,2.127761194029851,2.1712315073970427,1.6,1.8417832167832169,0.47058823529411764,3.4225122349102772
12.71951219512195,1.824524312896406,2.7348284960422165,8.032534246575343,22.147692307692306,2.52,2.61375449820072,1.8682926829268294,2.3645104895104896,0.5294117647058824,6.075040783034257
20.037139689578716,2.7610993657505287,3.586411609498681,10.35958904109589,33.09230769230769,3.7408955223880596,3.4818072770891644,2.2365853658536587,3.4274475524475525,0.6176470588235294,7.236541598694943
26.521618625277164,4.047568710359408,4.988126649076517,14.482020547945206,44.5221978021978,5.088955223880597,4.717313074770092,3.575609756097561,4.745629370629371,1.588235294117647,9.796084828711257
26.068736141906875,4.461945031712474,5.945250659630607,13.820205479452055,71.45582417582418,6.293731343283582,5.211515393842463,3.6634146341463416,5.395979020979021,1.7941176470588236,10.500815660685156
23.139966740576497,5.607822410147992,5.674142480211081,11.595890410958905,66.18637362637362,6.168955223880597,5.0171931227509,3.2512195121951217,5.638111888111888,1.9411764705882353,9.817292006525285
22.77217294900222,3.429175475687104,5.737467018469657,13.263698630136986,37.42945054945055,6.988059701492538,4.832467013194722,3.0170731707317073,4.9073426573426575,1.411764705882353,8.30342577487765
24.119456762749447,5.343551797040169,4.705145118733509,14.814212328767123,85.76571428571428,8.010149253731344,4.76609356257497,3.3292682926829267,4.744755244755245,1.5,12.95758564437194
26.080931263858094,5.857293868921776,6.099604221635884,16.881849315068493,103.22329670329671,8.442985074626865,4.868052778888445,3.7463414634146344,4.8723776223776225,1.1764705882352942,15.783034257748776
25.24251662971175,8.780126849894291,6.232849604221636,17.619006849315067,103.22329670329671,8.271641791044775,4.809276289484206,4.307317073170732,5.8321678321678325,1.588235294117647,17.086460032626427
23.313747228381374,7.715644820295983,6.005277044854881,15.800513698630137,43.222857142857144,6.014925373134329,4.606157536985206,4.541463414634146,6.240384615384615,1.5,18.163132137030995
20.684589800443458,7.7875264270613105,4.613456464379947,13.172945205479452,53.60967032967033,5.452537313432836,4.411035585765694,4.217073170731707,5.3173076923076925,0.9705882352941176,13.115823817292007
18.144955654101995,7.554968287526427,4.511873350923483,12.295376712328768,50.32791208791209,5.133134328358209,3.9928028788484604,3.8829268292682926,4.588286713286713,0.7352941176470589,11.30505709624796
18.643569844789358,7.428118393234672,4.996042216358839,13.517123287671232,33.50769230769231,4.786865671641791,4.129548180727709,3.048780487804878,4.490384615384615,0.8823529411764706,8.98531810766721
24.130543237250553,7.457716701902749,5.270448548812665,15.238013698630137,36.44747252747253,5.0113432835820895,4.320671731307477,3.1146341463414635,5.143356643356643,1.088235294117647,10.489396411092985
27.028270509977826,7.063424947145878,5.503957783641161,15.309075342465754,53.997802197802194,5.666268656716418,4.887644942023191,4.056097560975609,5.885489510489511,1.0588235294117647,12.566068515497554
28.278547671840354,7.298097251585624,8.001978891820581,15.571061643835616,68.08791208791209,6.1940298507462686,5.278288684526189,4.565853658536585,6.541958041958042,1.0588235294117647,13.076672104404567
23.86890243902439,8.387949260042284,7.866094986807388,14.725171232876713,63.747692307692304,8.11044776119403,5.666533386645342,5.124390243902439,6.152972027972028,1.0,12.402936378466558
22.895232815964523,7.974630021141649,6.200527704485488,13.01541095890411,43.283516483516486,7.399402985074627,5.370651739304278,5.160975609756098,5.911713286713287,1.0294117647058822,10.243066884176182
20.308481152993348,7.7420718816067655,5.7513192612137205,12.583047945205479,28.756923076923076,6.46865671641791,4.95281887245102,4.068292682926829,4.679195804195804,1.0,9.859706362153345
18.98808203991131,5.563424947145878,4.618733509234828,12.826198630136986,28.994285714285713,5.556417910447761,4.29828068772491,4.087804878048781,4.838286713286713,1.0588235294117647,10.172920065252855
20.736141906873613,5.984143763213531,4.58311345646438,16.079623287671232,41.58593406593407,7.538507462686567,4.87764894042383,4.273170731707317,6.06993006993007,1.1470588235294117,10.469820554649266
23.797671840354766,7.093023255813954,5.125989445910291,20.048801369863014,85.69802197802198,8.884179104477612,5.502199120351859,5.907317073170732,7.56993006993007,1.1176470588235294,12.508972267536704
25.62028824833703,6.593023255813954,5.281002638522428,20.521404109589042,103.22329670329671,11.367761194029852,5.396641343462615,5.7682926829268295,7.9222027972027975,1.0,16.518760195758563
23.307926829268293,5.978858350951374,5.133245382585752,18.86986301369863,80.99384615384615,9.985074626865671,5.169932027189124,5.458536585365854,7.420454545454546,1.1470588235294117,15.460032626427406
22.165188470066518,8.112050739957716,5.273087071240106,17.372431506849313,52.62989010989011,9.542686567164179,4.788084766093562,8.1,7.2622377622377625,1.2647058823529411,14.01141924959217
19.07677383592018,8.033826638477802,5.267150395778364,15.91095890410959,47.660219780219784,7.108059701492538,4.471411435425829,6.492682926829269,6.5428321678321675,1.1176470588235294,11.389885807504077
18.455654101995567,7.576109936575053,6.417546174142481,16.065924657534246,56.854945054945055,6.730149253731343,4.326269492203119,8.975609756097562,6.3776223776223775,1.4411764705882353,11.36541598694943
19.704268292682926,7.362579281183932,7.572559366754618,17.716609589041095,75.97758241758241,7.467462686567164,4.8136745301879245,9.190243902439024,6.731643356643357,1.3529411764705883,13.792822185970635
22.562638580931264,9.561310782241014,8.242084432717679,20.554794520547944,103.22329670329671,8.566567164179105,5.488604558176729,5.751219512195122,8.009615384615385,1.3823529411764706,16.869494290375204
26.43791574279379,11.087737843551798,7.214379947229552,22.242294520547944,103.22329670329671,11.127761194029851,5.898040783686525,7.321951219512195,8.647727272727273,1.3235294117647058,21.564437194127244
27.68237250554324,11.421775898520085,6.50065963060686,20.961472602739725,103.22329670329671,10.714626865671642,5.7109156337465015,7.214634146341464,7.848776223776224,1.2058823529411764,21.399673735725937
25.156042128603104,8.456659619450317,6.271767810026385,19.97945205479452,59.07868131868132,10.8244776119403,5.113954418232707,6.54390243902439,6.633741258741258,1.3235294117647058,28.40130505709625
22.97311529933481,9.380549682875264,5.9571240105540895,19.0,46.01802197802198,7.985671641791045,4.646941223510596,5.556097560975609,5.562937062937063,1.1470588235294117,25.205546492659053
22.183481152993348,9.40274841437632,6.171503957783641,17.544520547945204,42.56351648351648,8.351641791044775,4.709716113554578,5.485365853658537,5.326048951048951,1.3823529411764706,23.10114192495922
24.683758314855876,11.45031712473573,7.651715039577836,19.34246575342466,76.0145054945055,9.92597014925373,5.397441023590564,5.7073170731707314,6.083916083916084,1.9705882352941178,22.06035889070147
24.9769955654102,10.005285412262156,9.585092348284961,20.023116438356166,98.4101098901099,12.33313432835821,5.74890043982407,5.795121951219512,6.440559440559441,2.088235294117647,21.933115823817293
24.488359201773836,10.056025369978858,7.752638522427441,18.671232876712327,103.22329670329671,10.479402985074627,5.564574170331867,5.692682926829268,5.90472027972028,2.5,20.295269168026103
28.53048780487805,9.17970401691332,6.83509234828496,16.549657534246574,79.96747252747252,11.72955223880597,5.347061175529788,5.478048780487805,5.380244755244755,2.3529411764705883,19.231647634584014
31.270787139689578,8.8446088794926,6.006596306068602,15.988013698630137,53.043076923076924,10.043582089552238,5.033986405437825,5.282926829268293,4.70979020979021,2.4705882352941178,17.290375203915172
30.430432372505543,9.140591966173362,5.972295514511873,16.30222602739726,47.75912087912088,9.559402985074627,4.8404638144742105,4.909756097560976,4.636363636363637,2.323529411764706,17.938009787928223
22.093680709534368,7.783298097251586,5.78957783641161,16.641267123287673,42.824615384615385,7.7922388059701495,4.640543782487005,4.660975609756098,6.293706293706293,2.1176470588235294,16.0
27.5509977827051,9.832980972515855,7.693931398416886,21.576198630136986,88.98857142857143,9.271641791044775,5.221111555377849,5.773170731707317,9.87631118881119,1.7058823529411764,23.750407830342578
31.11917960088692,10.77061310782241,7.842348284960422,24.124143835616437,91.5978021978022,15.105671641791044,5.5213914434226306,6.158536585365853,9.87631118881119,1.6176470588235294,27.234910277324634
30.22810421286031,10.004228329809726,8.049472295514512,23.79195205479452,103.22329670329671,15.266865671641792,5.47421031587365,6.239024390243903,9.87631118881119,1.9705882352941178,26.145187601957584
26.739745011086473,9.569767441860465,7.110817941952506,20.857876712328768,76.46857142857142,15.266865671641792,5.074770091963215,5.826829268292683,9.87631118881119,1.7058823529411764,17.887438825448612
31.186529933481154,8.421775898520085,6.349604221635884,19.608732876712327,52.65758241758242,11.455522388059702,4.819672131147541,5.239024390243903,6.563811188811189,1.7352941176470589,17.846655791190866
28.23420177383592,7.597251585623678,5.75065963060686,16.63527397260274,43.34373626373626,9.018507462686568,4.536985205917633,5.585365853658536,5.388111888111888,1.7941176470588236,18.523654159869494
25.751385809312637,6.504228329809725,5.649076517150395,14.600171232876713,39.683516483516485,8.554029850746268,4.4786085565773694,5.397560975609756,5.096153846153846,1.5,17.820554649265905
25.773558758314856,8.299154334038056,6.321240105540897,17.799657534246574,71.97670329670329,8.736716417910447,4.782487005197921,5.865853658536586,5.085664335664336,1.5294117647058822,18.287112561174553
28.02050997782705,9.05708245243129,6.9821899736147754,19.038527397260275,76.52483516483517,9.280597014925373,5.404238304678128,5.565853658536585,5.804195804195804,1.6176470588235294,19.02773246329527
28.174057649667407,7.920718816067653,6.191292875989446,20.708904109589042,63.472967032967034,9.492537313432836,5.796881247500999,5.548780487804878,5.84965034965035,1.5294117647058822,21.99184339314845
26.075665188470065,7.517970401691332,5.87335092348285,19.642123287671232,42.28835164835165,13.401194029850746,6.283486605357857,5.317073170731708,5.670454545454546,1.6176470588235294,20.4094616639478
24.526330376940134,7.281183932346723,6.025065963060686,18.541095890410958,53.924395604395606,13.01134328358209,5.900039984006398,5.146341463414634,5.01486013986014,1.8235294117647058,18.734094616639478
20.984478935698448,6.959830866807611,5.910949868073879,15.463184931506849,52.00791208791209,11.731940298507462,5.55297880847661,4.724390243902439,4.66520979020979,1.6764705882352942,15.98205546492659
21.432649667405766,7.26215644820296,5.940633245382585,14.163527397260275,50.567032967032965,6.485373134328358,4.473410635745702,4.2439024390243905,4.346153846153846,1.5294117647058822,14.871125611745514
23.286862527716185,7.2706131078224105,6.4485488126649075,16.513698630136986,85.38725274725275,6.67044776119403,4.7536985205917635,4.780487804878049,4.923951048951049,1.1176470588235294,17.64926590538336
23.649390243902438,7.502114164904863,6.4848284960422165,17.361301369863014,88.99296703296703,9.125373134328358,4.963214714114354,5.009756097560976,5.501748251748252,1.2352941176470589,17.809135399673735
26.004988913525498,8.924947145877379,6.363456464379947,17.951198630136986,103.22329670329671,10.41313432835821,5.197121151539384,5.3585365853658535,5.244755244755245,1.5294117647058822,21.624796084828713
25.36917960088692,8.436575052854122,5.777704485488127,19.67208904109589,103.22329670329671,10.911044776119404,4.915633746501399,5.175609756097561,4.875874125874126,1.4411764705882353,20.053833605220227
24.86640798226164,8.183932346723044,5.337730870712401,20.67294520547945,103.22329670329671,9.00955223880597,4.869252299080368,5.736585365853658,4.973776223776224,1.5294117647058822,18.783034257748778
19.678215077605323,9.11522198731501,5.518469656992084,20.799657534246574,65.27560439560439,7.673432835820895,4.455817672930828,5.229268292682927,4.461538461538462,1.2058823529411764,14.939641109298531
19.61862527716186,8.204016913319238,5.777704485488127,20.560787671232877,66.88527472527473,6.634029850746269,4.526989204318273,4.914634146341464,4.773601398601398,1.1470588235294117,15.522022838499185
21.534922394678492,9.581395348837209,6.586411609498681,21.62071917808219,80.52087912087912,7.245970149253731,4.921631347461015,4.621951219512195,6.83479020979021,1.2352941176470589,18.026101141924958
26.768015521064303,11.89217758985201,7.531662269129288,24.296232876712327,103.22329670329671,8.452537313432837,5.636545381847261,5.441463414634146,7.3374125874125875,1.5294117647058822,20.34257748776509
30.027161862527716,11.886892177589852,7.314643799472296,22.36986301369863,103.22329670329671,11.057910447761195,6.30827668932427,5.512195121951219,6.313811188811189,1.7352941176470589,18.636215334420882
29.341186252771617,10.946088794926004,6.768469656992084,23.101883561643834,103.22329670329671,10.694328358208955,5.667333066773291,5.434146341463415,5.7325174825174825,1.3235294117647058,22.460032626427406
27.580654101995567,9.912262156448202,6.718997361477572,22.24058219178082,75.32483516483516,9.60955223880597,5.211515393842463,4.943902439024391,5.118006993006993,1.1470588235294117,20.848287112561174
23.075942350332593,9.530655391120508,6.313984168865435,20.01969178082192,50.277362637362636,7.901492537313433,4.727708916433427,4.246341463414634,4.965034965034965,1.088235294117647,19.128874388254488
20.41740576496674,9.621564482029598,6.184036939313984,17.73458904109589,53.93846153846154,7.172537313432835,4.551779288284686,3.975609756097561,5.198426573426573,0.9117647058823529,19.28384991843393
22.390521064301552,10.635306553911205,6.8594986807387865,21.23458904109589,48.714285714285715,7.8817910447761195,5.209516193522591,4.280487804878049,6.361013986013986,1.2352941176470589,23.90701468189233
26.463968957871398,13.904862579281184,8.17018469656992,23.178938356164384,61.86681318681319,10.011940298507463,5.817672930827669,5.790243902439024,8.133741258741258,3.2058823529411766,34.98531810766721
27.85670731707317,14.863636363636363,8.37598944591029,23.628424657534246,81.05978021978022,11.65910447761194,6.031987205117953,6.590243902439024,8.8006993006993,3.764705882352941,31.107667210440457
26.97477827050998,15.003171247357294,7.348284960422164,21.003424657534246,64.16175824175824,9.638208955223881,5.41703318672531,6.38780487804878,7.20979020979021,3.323529411764706,24.06035889070147
25.06069844789357,13.652219873150106,6.329815303430079,16.97945205479452,53.74065934065934,6.6626865671641795,4.37265093962415,5.780487804878049,5.028846153846154,2.7058823529411766,15.220228384991843
25.219789356984478,14.628964059196617,5.851583113456464,15.746575342465754,53.25142857142857,6.382686567164179,4.367852858856457,5.904878048780488,5.076923076923077,2.5588235294117645,15.471451876019575
21.315410199556542,15.645877378435518,5.711081794195251,14.934931506849315,42.17230769230769,6.484179104477612,4.169132347061176,5.35609756097561,4.944055944055944,2.4411764705882355,12.00652528548124
26.95759423503326,14.8276955602537,6.228891820580475,19.045376712328768,49.56879120879121,8.023880597014925,4.830867652938824,5.336585365853659,5.958041958041958,1.3823529411764706,15.763458401305057
29.313470066518846,15.014799154334039,6.970976253298153,19.36558219178082,63.75912087912088,9.687164179104478,5.546181527389044,5.2073170731707314,6.990384615384615,1.7352941176470589,18.77161500815661
27.055432372505543,11.938689217758986,6.8905013192612135,19.518835616438356,71.78857142857143,8.914626865671641,5.36265493802479,5.492682926829269,6.934440559440559,1.7941176470588236,18.148450244698207
25.902439024390244,12.822410147991544,6.319261213720317,18.839041095890412,66.95824175824175,8.253731343283581,5.111555377848861,5.202439024390244,6.316433566433567,2.235294117647059,15.748776508972268
24.353658536585368,14.64693446088795,6.718337730870712,17.464897260273972,55.16923076923077,7.779701492537313,4.663734506197521,5.592682926829268,5.40034965034965,2.264705882352941,15.360522022838499
20.764135254988915,14.235729386892178,6.261213720316623,16.87071917808219,40.39208791208791,7.536119402985075,4.068772491003599,4.8,4.855769230769231,2.0,13.774877650897226
24.402161862527716,13.216701902748415,5.447229551451187,16.93321917808219,36.38153846153846,7.318805970149254,4.373850459816073,3.995121951219512,4.956293706293707,2.6470588235294117,13.773246329526916
29.85920177383592,15.963002114164905,6.782321899736147,18.565068493150687,55.18681318681319,14.451940298507463,5.431827269092363,4.875609756097561,6.678321678321678,3.7941176470588234,15.045676998368679
31.2220066518847,18.403805496828753,7.703825857519789,19.401541095890412,86.7832967032967,15.164179104477611,6.060375849660136,6.126829268292683,7.7770979020979025,4.742647058823529,23.09298531810767
30.93791574279379,20.63107822410148,7.795514511873351,16.876712328767123,98.29538461538462,15.01731343283582,6.121551379448221,7.378048780487805,7.118881118881119,4.742647058823529,21.38988580750408
37.663594789356985,16.73784355179704,6.946569920844327,16.016267123287673,87.19384615384615,13.93910447761194,5.064774090363854,7.236585365853658,6.241258741258742,3.2941176470588234,19.567699836867863
36.97477827050998,13.823467230443974,5.907651715039578,13.902397260273972,66.05054945054945,8.117611940298508,4.752898840463814,5.451219512195122,5.129370629370629,2.7941176470588234,15.69657422512235
24.165465631929045,10.76215644820296,5.695910290237467,14.303938356164384,44.08527472527472,6.884776119402985,4.514194322271091,3.970731707317073,4.847027972027972,2.3529411764705883,15.068515497553017
23.094235033259423,11.330866807610994,5.658970976253298,15.209760273972602,45.01494505494505,7.354626865671642,4.718112754898041,3.795121951219512,4.8723776223776225,2.3823529411764706,16.936378466557912
31.403547671840354,12.726215644820297,7.052110817941952,18.233732876712327,52.167032967032966,8.705074626865672,5.520591763294682,4.868292682926829,6.104020979020979,1.911764705882353,21.01141924959217
34.98863636363637,13.447145877378436,6.994722955145119,17.653253424657535,60.831648351648354,9.343880597014925,5.868852459016393,7.995121951219512,7.184440559440559,1.8235294117647058,24.097879282218596
32.22256097560975,12.55813953488372,6.108179419525066,17.94263698630137,73.19472527472527,8.531343283582089,5.387844862055178,8.739024390243902,8.464160839160838,1.7352941176470589,20.234910277324634
27.52050997782705,11.886892177589852,5.628627968337731,15.923801369863014,63.45054945054945,8.214328358208956,4.95561775289884,7.085365853658536,8.027097902097902,1.5,17.486133768352364
22.366130820399114,13.028541226215644,5.0679419525065965,12.979452054794521,58.073406593406595,8.85910447761194,4.429028388644542,5.492682926829269,7.456293706293707,1.3529411764705883,15.456769983686787
20.600609756097562,12.857293868921776,4.9188654353562,12.854452054794521,41.8610989010989,8.223283582089552,4.333466613354658,5.336585365853659,8.532342657342657,1.2352941176470589,10.828711256117455
21.804323725055433,15.443974630021142,5.337730870712401,15.084760273972602,42.30989010989011,8.854925373134328,4.773290683726509,5.990243902439024,9.546328671328672,1.3529411764705883,11.799347471451876
24.281873614190687,16.061310782241016,6.0178100263852246,16.130993150684933,52.716483516483514,8.018507462686568,5.446621351459417,6.058536585365854,9.87631118881119,1.2941176470588236,14.939641109298531
27.626940133037692,18.137420718816067,7.245382585751979,19.046232876712327,61.69450549450549,9.514626865671643,6.229508196721311,6.985365853658537,8.035839160839162,1.6470588235294117,18.592169657422513
29.25249445676275,18.54016913319239,7.647097625329815,18.84931506849315,65.33978021978022,11.02865671641791,6.2415033986405435,7.087804878048781,7.990384615384615,2.411764705882353,19.570962479608482
31.839523281596453,15.511627906976743,6.79155672823219,18.45291095890411,51.70945054945055,10.108059701492538,5.889244302279089,6.668292682926829,6.830419580419581,2.5,18.199021207177815
30.015243902439025,14.642706131078224,6.193931398416886,18.376712328767123,85.81978021978021,9.627462686567164,5.685725709716113,5.434146341463415,7.2622377622377625,2.235294117647059,17.02120717781403
28.631651884700666,12.710359408033826,5.565963060686016,15.24486301369863,80.90637362637362,7.264477611940299,5.147141143542583,5.321951219512195,6.296328671328672,1.5588235294117647,14.407830342577487
24.084534368070955,12.052854122621564,5.310686015831134,15.027397260273972,77.5265934065934,6.168955223880597,4.799680127948821,5.0390243902439025,5.858391608391608,1.5294117647058822,13.613376835236542
30.91130820399113,14.805496828752643,7.191952506596306,15.698630136986301,42.86813186813187,7.481194029850746,5.359456217512995,5.6048780487804875,6.368881118881119,1.6764705882352942,18.66394779771615
33.03464523281596,18.538054968287526,8.112796833773087,18.5,52.9010989010989,9.13910447761194,6.787684926029588,5.7682926829268295,7.3024475524475525,2.0,22.28384991843393
33.10809312638581,18.76109936575053,8.257255936675461,17.50428082191781,59.51472527472527,9.085373134328359,6.490203918432627,5.602439024390244,7.578671328671328,2.323529411764706,25.584013050570963
26.81790465631929,14.830866807610994,6.734168865435357,17.874143835616437,68.21010989010989,7.745074626865672,6.011595361855258,5.421951219512195,6.380244755244755,2.1470588235294117,20.836867862969005
24.04628603104213,13.306553911205073,6.113456464379947,15.976027397260275,70.75076923076924,6.660298507462686,5.493802479008397,4.809756097560975,6.874125874125874,1.7058823529411764,19.477977161500817
20.22671840354767,12.04968287526427,5.573878627968337,14.553938356164384,61.80175824175824,5.826268656716418,4.936425429828069,4.009756097560976,6.251748251748252,1.3823529411764706,13.817292006525285
18.827050997782706,11.476744186046512,5.463060686015831,14.594178082191782,42.941978021978024,6.026865671641791,4.6289484206317475,3.9048780487804877,5.776223776223776,1.3823529411764706,12.732463295269168
21.424611973392462,12.704016913319238,6.277704485488127,16.97945205479452,44.75692307692308,6.576119402985075,5.151139544182327,4.575609756097561,8.558566433566433,1.588235294117647,17.474714518760194
28.006651884700666,18.67970401691332,7.426121372031663,18.921232876712327,67.47692307692307,10.123582089552238,5.985205917632947,6.024390243902439,8.346153846153847,1.911764705882353,19.575856443719413
29.732261640798225,24.86046511627907,8.519129287598945,19.40068493150685,103.22329670329671,10.349253731343284,6.319872051179528,7.182926829268292,9.76923076923077,1.6470588235294117,21.01305057096248
30.1380266075388,25.10676532769556,8.764511873350923,17.410958904109588,95.33362637362637,9.508059701492538,6.189924030387845,6.931707317073171,7.798951048951049,4.742647058823529,18.587275693311582
26.949556541019955,22.47568710359408,7.8568601583113455,15.52140410958904,59.12835164835165,6.468059701492537,5.641743302678928,6.439024390243903,6.061188811188811,4.742647058823529,18.35399673735726
23.498337028824835,14.927061310782241,6.386543535620053,12.962328767123287,42.87164835164835,5.9438805970149255,4.993602558976409,4.826829268292683,5.750874125874126,4.352941176470588,16.73572593800979
20.45260532150776,13.541226215644821,6.04155672823219,12.753424657534246,39.457582417582415,6.480597014925373,5.0251899240303874,4.778048780487805,6.721153846153846,3.735294117647059,16.469820554649267
21.49528824833703,13.497885835095138,6.75065963060686,14.26626712328767,46.504615384615384,7.195820895522388,5.35265893642543,4.7926829268292686,7.5,3.5588235294117645,16.39804241435563
25.072339246119736,14.969344608879492,8.034300791556728,16.772260273972602,62.67208791208791,8.441194029850747,5.7584966013594565,5.402439024390244,8.588286713286713,4.742647058823529,21.551386623164763
26.948725055432373,18.818181818181817,7.324538258575198,18.3125,84.16923076923077,8.837611940298508,6.028388644542183,6.224390243902439,7.923951048951049,4.742647058823529,20.941272430668842
29.534922394678492,17.757928118393234,7.530343007915567,16.74571917808219,87.05230769230769,7.48,6.205517792882847,5.65609756097561,7.668706293706293,4.676470588235294,22.882544861337685
27.61419068736142,18.788583509513742,7.492084432717678,14.922945205479452,98.6821978021978,6.857313432835821,6.2219112355057975,5.734146341463415,6.7823426573426575,3.235294117647059,22.619902120717782
24.41491130820399,19.650105708245242,7.507915567282322,15.952054794520548,60.04967032967033,6.103283582089552,5.84406237504998,5.15609756097561,5.783216783216783,3.2058823529411766,24.587275693311582
19.838137472283815,15.367864693446089,6.407651715039578,14.90154109589041,53.21846153846154,5.406567164179105,4.953618552578968,4.524390243902439,4.958041958041958,2.5588235294117645,16.32300163132137
21.545454545454547,20.457716701902747,8.620712401055409,19.179794520547944,45.34373626373626,7.088358208955224,6.753298680527789,5.15609756097561,5.138986013986014,2.235294117647059,19.460032626427406
28.785476718403547,22.908033826638476,9.901715039577837,22.539383561643834,74.0276923076923,9.06865671641791,7.6265493802479005,6.241463414634146,6.580419580419581,4.5588235294117645,20.797716150081566
33.25526607538803,24.657505285412263,9.476253298153035,25.767123287671232,82.05142857142857,10.500298507462686,7.878448620551779,7.1658536585365855,8.052447552447552,4.742647058823529,22.298531810766722
31.50970066518847,22.006342494714588,9.046174142480211,24.777397260273972,88.35296703296703,9.165373134328359,7.062774890043983,7.180487804878049,7.801573426573427,4.742647058823529,20.502446982055464
28.9029933481153,20.587737843551796,7.312664907651715,16.251712328767123,60.184615384615384,8.555223880597016,5.8796481407437025,6.84390243902439,6.0428321678321675,4.735294117647059,17.58238172920065
21.922949002217294,20.69661733615222,8.813984168865435,20.393835616438356,34.238241758241756,8.360597014925373,5.244702119152339,5.714634146341464,5.418706293706293,2.6470588235294117,15.856443719412724
24.50831485587583,26.3380021141649,10.6655672823219,21.113013698630137,48.957362637362635,7.948059701492538,5.458616553378649,5.617073170731707,5.413461538461538,2.8529411764705883,17.592169657422513
27.286031042128602,26.3380021141649,10.786279683377309,20.95719178082192,59.144175824175825,9.016119402985074,6.048780487804878,6.03170731707317,6.54020979020979,3.176470588235294,21.174551386623165
30.905764966740577,26.3380021141649,11.718997361477573,23.17294520547945,70.5432967032967,10.185671641791044,6.697321071571372,6.704878048780488,9.87631118881119,3.8529411764705883,26.789559543230016
32.5460088691796,26.3380021141649,9.270448548812665,23.373287671232877,85.05362637362637,11.820298507462686,7.304278288684526,7.173170731707317,9.87631118881119,3.3823529411764706,29.745513866231647
29.58259423503326,26.3380021141649,8.393139841688654,20.00513698630137,73.60307692307693,10.139701492537313,6.5433826469412235,6.146341463414634,9.87631118881119,2.911764705882353,33.05709624796085
28.397727272727273,24.35940803382664,8.635883905013193,19.59503424657534,51.62021978021978,8.74686567164179,6.009596161535386,5.475609756097561,7.096153846153846,2.5,27.69494290375204
23.148835920177383,22.57928118393235,8.427440633245382,17.897260273972602,36.30285714285714,7.080597014925373,5.3110755697720915,4.290243902439024,5.548076923076923,2.8823529411764706,25.184339314845026
20.88580931263858,25.996828752642706,8.569261213720317,18.055650684931507,39.683516483516485,7.003582089552239,5.276689324270292,4.341463414634147,5.074300699300699,2.176470588235294,18.64600326264274
22.875277161862527,26.3380021141649,9.311345646437994,19.21832191780822,50.895384615384614,9.656119402985075,5.7157137145141945,5.431707317073171,6.200174825174825,2.3823529411764706,20.890701468189235
26.505266075388025,26.3380021141649,11.33179419525066,21.482876712328768,57.75208791208791,10.304477611940298,6.928828468612555,6.724390243902439,7.659965034965035,2.8529411764705883,23.00489396411093
27.485864745011085,26.3380021141649,11.9967018469657,20.971746575342465,68.53890109890109,9.749253731343284,7.107157137145142,7.580487804878048,7.883741258741258,4.352941176470588,22.30995106035889
25.49251662971175,26.3380021141649,11.392480211081795,20.83304794520548,85.99164835164835,9.633432835820896,6.752099160335866,7.2073170731707314,7.248251748251748,4.742647058823529,19.08482871125612
20.766352549889135,26.3380021141649,9.798812664907652,17.075342465753426,80.0276923076923,7.275820895522388,5.594562175129948,5.848780487804878,5.746503496503497,4.5,15.505709624796085
19.531873614190687,26.3380021141649,8.45712401055409,19.29195205479452,72.59252747252748,6.178507462686567,5.436225509796081,5.463414634146342,5.243881118881119,3.323529411764706,14.97389885807504
19.052383592017737,26.3380021141649,8.688654353562006,15.638698630136986,49.69846153846154,5.442388059701493,5.371851259496202,5.487804878048781,5.526223776223776,3.2941176470588234,16.468189233278956
22.85559866962306,26.3380021141649,9.804089709762533,19.33732876712329,57.62637362637363,6.983283582089552,5.723310675729708,6.1292682926829265,6.519230769230769,4.352941176470588,32.858075040783035
26.541851441241686,26.3380021141649,11.403034300791557,22.055650684931507,65.41582417582417,9.213134328358208,6.48140743702519,7.0,7.255244755244755,4.742647058823529,34.499184339314844
29.934035476718403,26.3380021141649,11.258575197889183,24.233732876712327,103.22329670329671,9.817910447761195,6.770491803278689,10.582926829268292,7.6328671328671325,4.742647058823529,35.761419249592166
27.921563192904657,26.3380021141649,9.952506596306069,23.430650684931507,103.22329670329671,9.154626865671641,6.3122750899640145,10.774999999999999,6.54020979020979,4.323529411764706,25.420880913539968
27.425166297117517,26.3380021141649,10.218997361477573,23.07791095890411,103.22329670329671,7.8591044776119405,6.12235105957617,9.821951219512195,6.784965034965035,4.029411764705882,22.660685154975532
24.978658536585368,26.3380021141649,9.080474934036939,21.744006849315067,74.36835164835165,6.69910447761194,5.630547780887645,7.073170731707317,6.6276223776223775,3.5294117647058822,18.066884176182707
32.90160753880266,26.3380021141649,10.110158311345646,20.737157534246574,66.35340659340659,6.156417910447761,5.826469412235106,6.148780487804878,6.239510489510489,4.176470588235294,18.505709624796086
34.718957871396896,26.3380021141649,10.58179419525066,24.040239726027398,60.55252747252747,6.803582089552239,6.821271491403438,6.35609756097561,7.051573426573427,4.323529411764706,19.6557911908646
36.26884700665188,26.3380021141649,11.779683377308707,23.211472602739725,95.95164835164834,8.581492537313434,7.192323070771692,7.319512195121951,7.55506993006993,4.742647058823529,22.171288743882545
28.8519955654102,26.3380021141649,11.647097625329815,23.30821917808219,76.81010989010989,8.945671641791044,7.1595361855257895,7.568292682926829,7.5874125874125875,4.742647058823529,22.575856443719413
26.43209534368071,26.3380021141649,10.637862796833772,19.523972602739725,69.6610989010989,8.890746268656716,6.534986005597761,7.7682926829268295,7.687062937062937,4.617647058823529,23.110929853181077
21.67960088691796,26.3380021141649,9.112137203166228,17.96232876712329,45.10197802197802,6.682388059701492,5.59656137544982,6.631707317073171,6.476398601398602,3.7941176470588234,24.37030995106036
20.090354767184035,26.3380021141649,9.238126649076516,18.580479452054796,42.93538461538461,6.574328358208955,5.211915233906438,6.61219512195122,6.008741258741258,3.5294117647058822,22.549755301794452
19.15188470066519,20.251585623678647,9.343667546174142,19.03167808219178,41.06857142857143,5.365970149253731,5.105957616953218,5.565853658536585,5.196678321678322,3.0294117647058822,21.99021207177814
23.86169623059867,24.627906976744185,10.308707124010555,21.76455479452055,54.81802197802198,7.478208955223881,6.14594162335066,6.8707317073170735,6.281468531468532,2.8529411764705883,25.034257748776508
28.558481152993348,26.3380021141649,10.730211081794195,23.53681506849315,63.847912087912086,8.296119402985074,7.100759696121552,7.985365853658537,7.853146853146853,4.117647058823529,35.761419249592166
28.07982261640798,26.3380021141649,10.330474934036939,21.815068493150687,66.95648351648352,9.272835820895523,7.122750899640144,8.13170731707317,7.6424825174825175,4.294117647058823,35.761419249592166
24.910476718403547,23.356236786469346,9.735488126649077,18.732876712328768,73.59164835164835,7.812537313432836,6.409836065573771,7.5634146341463415,7.163461538461538,4.147058823529412,35.761419249592166
22.46480044345898,19.86046511627907,9.733509234828496,17.77054794520548,82.56263736263736,8.000597014925374,5.9908036785285885,6.934146341463415,6.588286713286713,3.6470588235294117,24.768352365415986
19.39689578713969,17.67019027484144,9.353562005277045,17.511130136986303,76.05758241758242,6.425074626865672,4.911635345861655,6.178048780487805,6.270104895104895,2.5588235294117645,21.123980424143557
18.87139689578714,17.341437632135307,9.264511873350923,17.960616438356166,73.21274725274725,6.274029850746269,4.797281087564974,6.280487804878049,6.1477272727272725,2.6176470588235294,21.867862969004893
23.323725055432373,20.659619450317123,11.187335092348285,18.872431506849313,47.120879120879124,7.822089552238806,5.446621351459417,7.341463414634147,5.8671328671328675,2.7941176470588234,22.74714518760196
28.874445676274945,22.357293868921776,12.443931398416886,21.430650684931507,55.75208791208791,9.136716417910447,6.232307077169132,10.048780487804878,6.730769230769231,3.7941176470588234,27.98531810766721
29.96729490022173,21.781183932346725,11.16292875989446,21.315924657534246,73.36747252747253,9.496716417910449,6.121951219512195,8.665853658536586,7.631118881118881,3.9411764705882355,28.396411092985318
27.03991130820399,19.858350951374206,9.428759894459104,18.89982876712329,71.95824175824175,8.111044776119403,5.490603758496602,8.590243902439024,7.263986013986014,3.5294117647058822,24.588907014681894
22.502217294900223,18.553911205073994,9.011213720316622,19.34246575342466,62.31912087912088,7.391044776119403,4.9676129548180725,7.7682926829268295,5.95979020979021,2.9411764705882355,19.30831973898858
17.892738359201775,15.189217758985201,8.788258575197888,16.529109589041095,50.02593406593407,7.407164179104478,4.650539784086366,7.734146341463415,4.676573426573427,2.0294117647058822,15.597063621533442
18.426552106430155,14.904862579281184,9.264511873350923,17.40667808219178,48.567472527472525,5.712238805970149,4.849260295881647,7.934146341463415,4.868006993006993,2.264705882352941,19.965742251223492
21.07788248337029,17.41860465116279,9.430079155672823,18.573630136986303,56.87824175824176,7.1588059701492535,5.368252698920432,8.085365853658537,5.70979020979021,2.735294117647059,27.805872756933116
24.14190687361419,18.908033826638476,10.25461741424802,19.413527397260275,71.55736263736264,9.011940298507463,5.954018392642943,8.085365853658537,6.3776223776223775,3.5294117647058822,29.536704730831975
27.146618625277164,19.33615221987315,11.061345646437994,19.800513698630137,103.22329670329671,9.786865671641792,6.425029988004798,8.953658536585365,7.0926573426573425,3.588235294117647,35.761419249592166
26.379988913525498,17.76109936575053,10.446569920844327,18.54794520547945,96.54373626373626,7.456716417910448,5.852858856457417,7.907317073170732,6.210664335664336,3.1176470588235294,24.128874388254488
25.019124168514413,16.207188160676534,9.58641160949868,18.319349315068493,82.3767032967033,6.989850746268656,5.297081167532987,7.382926829268293,5.769230769230769,2.588235294117647,18.99510603588907
21.471729490022174,13.980972515856237,8.346965699208443,16.546232876712327,47.14769230769231,5.863283582089553,4.446621351459417,6.0512195121951216,5.059440559440559,2.3529411764705883,14.830342577487766
16.8619733924612,14.883720930232558,7.224274406332454,16.08818493150685,41.322637362637366,5.148656716417911,4.309476209516194,5.326829268292683,4.5874125874125875,4.4411764705882355,15.63458401305057
21.002217294900223,17.9661733615222,8.989445910290238,19.174657534246574,53.01010989010989,7.785671641791045,5.402638944422231,6.624390243902439,5.968531468531468,4.676470588235294,25.792822185970635
24.15188470066519,26.3380021141649,12.682717678100262,21.67208904109589,66.89846153846153,9.877611940298507,6.347061175529788,8.148780487804878,7.30506993006993,4.742647058823529,29.619902120717782
26.317073170731707,26.3380021141649,12.682717678100262,21.228595890410958,69.70593406593406,10.92955223880597,6.831267493002799,9.258536585365853,7.376748251748252,4.742647058823529,29.693311582381728
24.61890243902439,26.3380021141649,12.682717678100262,19.887842465753426,103.22329670329671,10.121791044776119,6.409436225509796,8.573170731707316,6.465034965034965,4.588235294117647,26.427406199021206
24.44068736141907,21.331923890063425,12.055408970976254,20.136986301369863,103.22329670329671,8.140298507462687,5.86765293882447,7.61219512195122,5.83479020979021,4.5,24.830342577487766
22.303769401330378,20.609936575052853,10.323878627968337,17.690068493150687,59.417142857142856,7.193432835820896,5.3478608556577365,6.195121951219512,5.473776223776224,4.117647058823529,18.34257748776509
21.02688470066519,17.765327695560252,9.226912928759894,18.80308219178082,49.9621978021978,6.256119402985075,5.102359056377449,5.595121951219512,5.158216783216783,4.742647058823529,17.254486133768353
22.37250554323725,18.38583509513742,12.187335092348285,18.47945205479452,47.927032967032964,7.634029850746269,5.431827269092363,6.758536585365854,5.9624125874125875,4.742647058823529,23.64763458401305
24.966463414634145,19.709302325581394,12.682717678100262,21.081335616438356,54.03868131868132,8.798805970149253,5.766493402638944,8.6,8.249125874125873,4.742647058823529,28.510603588907014
27.94262749445676,20.060253699788582,12.682717678100262,23.08304794520548,67.1832967032967,13.333731343283581,6.217512994802079,9.11951219512195,8.282342657342657,4.742647058823529,31.546492659053833
24.75970066518847,16.487315010570825,10.850923482849604,20.72517123287671,57.11604395604395,12.557611940298507,5.886845261895242,9.041463414634146,8.046328671328672,4.742647058823529,30.247960848287114
28.878048780487806,13.39217758985201,9.594327176781002,16.376712328767123,49.13978021978022,11.368955223880597,5.310675729708117,7.197560975609756,6.188811188811189,4.742647058823529,25.207177814029365
25.494733924611975,12.273784355179703,8.552110817941953,15.561643835616438,37.543296703296704,6.063283582089552,4.636545381847261,6.329268292682927,5.166083916083916,4.147058823529412,21.938009787928223
24.124445676274945,11.438689217758986,7.596306068601583,14.459760273972602,36.51824175824176,5.882388059701492,4.466613354658136,5.35609756097561,3.9685314685314683,3.6470588235294117,15.920065252854812
23.79711751662971,12.299154334038056,8.609498680738787,16.410102739726028,43.65934065934066,6.088358208955224,4.978008796481407,5.590243902439024,4.343531468531468,3.764705882352941,15.256117455138662
25.040465631929045,17.058139534883722,9.79353562005277,21.034246575342465,63.13230769230769,7.9438805970149255,6.344262295081967,7.012195121951219,5.964160839160839,4.411764705882353,19.371941272430668
29.200942350332593,19.79492600422833,10.878627968337732,22.49486301369863,76.56615384615385,9.158805970149254,7.325869652139144,7.817073170731708,6.1424825174825175,4.647058823529412,22.505709624796086
30.029933481152995,20.322410147991544,10.606200527704486,23.007705479452056,67.55560439560439,9.054925373134328,7.282686925229908,8.12439024390244,7.169580419580419,4.147058823529412,23.866231647634585
24.678769401330378,15.916490486257928,9.764511873350923,20.956335616438356,63.45494505494506,8.614328358208954,6.590963614554179,7.309756097560975,6.251748251748252,3.6176470588235294,20.290375203915172
20.914634146341463,14.469344608879492,9.067282321899736,19.846746575342465,52.7243956043956,7.602388059701492,5.551779288284686,6.324390243902439,5.166083916083916,3.1470588235294117,16.115823817292007
20.788248337028826,12.900634249471459,8.133245382585752,18.710616438356166,47.18153846153846,8.377910447761193,5.4846061575369855,5.553658536585366,5.7272727272727275,2.5588235294117645,15.446982055464927
22.948170731707318,14.681818181818182,9.099604221635884,20.773972602739725,57.46065934065934,9.386268656716418,6.199920031987205,7.324390243902439,6.588286713286713,2.8529411764705883,18.535073409461663
27.500277161862527,16.121564482029598,10.343667546174142,22.136130136986303,69.96131868131869,10.396417910447761,6.829268292682927,8.358536585365854,7.674825174825175,3.676470588235294,21.109298531810765
29.413248337028826,15.753699788583509,10.863456464379947,20.944349315068493,64.46725274725274,10.064477611940298,7.000399840063975,9.673170731707318,7.4475524475524475,4.117647058823529,21.902120717781404
33.03353658536585,12.746300211416491,9.472295514511874,19.33732876712329,50.12,8.477611940298507,6.444622151139544,8.021951219512195,7.106643356643357,4.117647058823529,20.443719412724306
30.324833702882483,11.094080338266386,9.414248021108179,18.366438356164384,64.26373626373626,7.991641791044776,6.133546581367453,7.741463414634146,6.573426573426573,3.0588235294117645,19.636215334420882
27.835643015521065,13.256871035940803,8.608839050131927,16.84417808219178,60.88131868131868,6.8280597014925375,5.5201919232307075,7.780487804878049,5.979895104895105,2.0588235294117645,15.707993474714518
21.449279379157428,12.681818181818182,8.219656992084433,16.91267123287671,58.434725274725274,6.26089552238806,5.136745301879248,7.2682926829268295,5.245629370629371,1.5,19.135399673735726
27.955654101995567,11.64799154334038,9.978232189973614,18.79708904109589,45.45098901098901,7.521194029850746,5.664934026389444,10.774999999999999,6.430944055944056,1.7941176470588236,29.862969004893966
30.03880266075388,12.96723044397463,11.143139841688654,21.185787671232877,57.003076923076925,9.18865671641791,6.1179528188724515,10.774999999999999,7.548951048951049,3.0294117647058822,30.608482871125613
31.33619733924612,13.739957716701904,10.08179419525066,22.448630136986303,63.19692307692308,10.09313432835821,6.393842463014794,10.774999999999999,7.861888111888112,3.235294117647059,33.55138662316477
31.500277161862527,13.447145877378436,9.2467018469657,19.678938356164384,63.9054945054945,10.067462686567165,6.320271891243503,10.774999999999999,7.774475524475524,2.911764705882353,32.63132137030995
33.020509977827054,12.580338266384778,8.303430079155673,17.60017123287671,52.41934065934066,9.462686567164178,6.10515793682527,8.96829268292683,7.289335664335664,3.2941176470588234,34.68026101141925
31.24417960088692,11.288583509513742,7.281002638522428,15.157534246575343,45.33450549450549,8.189850746268657,5.47780887644942,8.809756097560976,7.034090909090909,3.0294117647058822,29.61827079934747
27.972838137472284,12.3446088794926,6.96042216358839,16.095890410958905,41.440879120879124,7.636417910447761,5.018792483006798,7.5390243902439025,6.091783216783217,2.323529411764706,18.809135399673735
25.53991130820399,11.165961945031713,6.781662269129288,15.523116438356164,38.19472527472527,6.457313432835821,5.042383046781287,7.234146341463415,5.776223776223776,1.5294117647058822,17.6884176182708
25.148558758314856,11.19767441860465,6.37730870712401,15.215753424657533,48.212747252747256,7.9755223880597015,4.982407037185126,6.892682926829268,5.958916083916084,2.1176470588235294,18.298531810766722
20.409922394678492,9.91754756871036,5.70646437994723,12.191780821917808,55.04923076923077,7.642985074626866,3.9108356657337064,6.487804878048781,5.437062937062937,2.1470588235294117,16.861337683523654
14.054878048780488,7.710359408033827,4.742744063324539,9.23972602739726,34.39868131868132,5.933134328358209,2.953218712514994,5.009756097560976,3.7333916083916083,1.6470588235294117,15.406199021207177
10.520509977827052,5.22093023255814,3.2638522427440635,5.674657534246576,18.20835164835165,3.1749253731343283,2.4302279088364656,4.168292682926829,2.542832167832168,0.9117647058823529,9.561174551386623
9.665742793791575,4.577167019027484,3.0798153034300793,5.5770547945205475,17.459340659340658,2.604179104477612,2.267093162734906,3.3,2.0314685314685317,0.9411764705882353,8.233278955954322
12.041851441241684,5.157505285412262,3.637862796833773,7.064212328767123,19.962637362637363,2.9605970149253733,2.7784886045581767,4.495121951219512,2.3776223776223775,0.7941176470588235,7.422512234910277
16.982538802660756,7.667019027484144,5.782981530343008,10.360445205479452,29.39824175824176,4.023880597014926,3.8968412634946024,5.34390243902439,4.1774475524475525,1.1176470588235294,14.559543230016313
25.175166297117517,21.700845665961946,11.521108179419524,15.903253424657533,38.745054945054946,6.351641791044776,5.5029988004798085,7.860975609756098,5.674825174825175,2.0294117647058822,22.31321370309951
27.45620842572062,23.256871035940804,11.016490765171504,15.663527397260275,44.02505494505495,6.940298507462686,6.061975209916033,8.460975609756098,6.565559440559441,2.5294117647058822,22.507340946166394
26.031319290465632,23.268498942917546,8.95910290237467,14.689212328767123,51.535384615384615,6.69910447761194,6.026789284286285,8.78048780487805,6.158216783216783,2.6470588235294117,18.132137030995107
22.805155210643015,10.44291754756871,5.926121372031663,12.837328767123287,64.28527472527473,5.615522388059701,5.158736505397841,7.397560975609756,5.401223776223776,1.8823529411764706,16.172920065252853
18.38968957871397,9.373150105708245,5.2763852242744065,11.60359589041096,56.50725274725275,4.669253731343283,4.301079568172731,7.175609756097561,4.359265734265734,1.1764705882352942,12.00326264274062
16.93070953436807,10.05813953488372,5.025065963060686,11.29708904109589,50.22725274725275,4.266268656716418,4.109156337465014,6.809756097560975,4.396853146853147,0.8529411764705882,10.65415986949429
18.40659645232816,10.937632135306554,5.5811345646438,12.018835616438356,30.08923076923077,5.2973134328358205,4.6729308276689325,6.53170731707317,4.9125874125874125,0.6470588235294118,15.964110929853181
21.943736141906875,12.09725158562368,6.176121372031663,14.273116438356164,37.205714285714286,8.825671641791045,5.593762495001999,7.253658536585366,6.519230769230769,1.1470588235294117,21.800978792822185
23.052660753880264,10.946088794926004,6.253298153034301,14.51541095890411,39.53274725274725,7.446567164179105,5.937624950019992,8.18780487804878,6.5323426573426575,1.2352941176470589,25.06035889070147
20.780210643015522,9.63953488372093,5.187994722955145,12.895547945205479,41.721758241758245,7.382686567164179,5.249500199920032,6.663414634146341,6.0725524475524475,1.1470588235294117,22.137030995106034
18.54711751662971,9.244186046511627,5.091688654353562,11.111301369863014,41.50945054945055,6.031044776119403,4.75889644142343,6.5024390243902435,5.063811188811189,0.9411764705882353,19.652528548123982
16.256651884700666,8.124735729386892,4.644459102902375,17.450342465753426,34.67076923076923,5.357611940298508,3.894042383046781,5.385365853658537,4.140734265734266,1.1470588235294117,14.595432300163132
16.918237250554323,9.033826638477802,4.4736147757255935,17.60017123287671,27.995164835164836,4.737910447761194,3.946421431427429,4.985365853658537,4.339160839160839,1.0,15.190864600326265
17.99057649667406,10.3446088794926,5.112137203166227,21.852739726027398,33.47604395604396,5.317611940298508,4.543782487005198,6.163414634146341,5.281468531468532,1.088235294117647,26.9673735725938
21.073170731707318,11.8276955602537,5.826517150395778,27.15667808219178,39.348131868131865,6.907462686567164,5.329868052778888,8.2,7.975524475524476,2.235294117647059,31.869494290375204
24.057926829268293,11.686046511627907,6.139841688654354,25.511130136986303,44.8021978021978,7.498507462686567,5.270691723310676,7.802439024390244,8.382867132867133,1.911764705882353,35.761419249592166
20.128048780487806,9.443974630021142,6.1180738786279685,24.698630136986303,40.7643956043956,6.715820895522388,4.70171931227509,7.139024390243902,5.794580419580419,1.411764705882353,24.805872756933116
17.825942350332593,7.55708245243129,5.269788918205805,23.637842465753426,32.497142857142855,5.307462686567164,4.1179528188724515,6.2926829268292686,5.090909090909091,1.2058823529411764,12.63621533442088
15.43320399113082,9.649048625792812,4.8819261213720315,21.449486301369863,86.4989010989011,4.432835820895522,3.8872451019592162,6.048780487804878,4.604020979020979,1.1470588235294117,10.933115823817293
15.455376940133037,8.289640591966174,5.507255936675461,20.95291095890411,81.21274725274725,4.643582089552239,4.148340663734507,5.670731707317073,4.611013986013986,1.1764705882352942,11.497553017944535
17.090354767184035,13.632135306553911,6.20844327176781,20.84931506849315,103.22329670329671,5.549850746268657,4.654938024790084,6.073170731707317,5.288461538461538,1.4705882352941178,15.061990212071779
19.58009977827051,17.986257928118395,7.077836411609499,21.923801369863014,103.22329670329671,7.866268656716418,5.421031587365054,8.251219512195123,6.2071678321678325,1.7647058823529411,18.893964110929854
21.050166297117517,19.086680761099366,7.155013192612137,23.284246575342465,103.22329670329671,7.575522388059701,5.977209116353459,9.05609756097561,6.645979020979021,1.9705882352941178,20.270799347471453
21.218957871396896,17.877378435517972,6.963060686015831,21.950342465753426,43.30373626373626,8.466865671641791,6.085965613754499,8.895121951219512,6.545454545454546,1.6176470588235294,20.36541598694943
18.25748337028825,12.757928118393234,6.052110817941952,19.242294520547944,37.284835164835165,7.683582089552239,5.353058776489404,7.148780487804878,5.701923076923077,1.2941176470588236,17.388254486133768
14.914356984478935,8.44291754756871,5.075197889182058,15.397260273972602,29.57978021978022,6.533731343283582,4.3110755697720915,7.185365853658537,4.631993006993007,0.9411764705882353,13.502446982055465
14.462028824833704,7.43446088794926,4.506596306068602,13.105308219178083,24.42021978021978,4.970149253731344,3.7245101959216314,6.709756097560976,4.098776223776224,1.0,11.6721044045677
15.151884700665189,8.756871035940803,5.203825857519789,13.110445205479452,28.106813186813188,4.592835820895522,4.388644542183127,7.102439024390244,4.6276223776223775,0.9117647058823529,12.902120717781402
20.067350332594234,11.63107822410148,7.096965699208443,18.186643835616437,38.96923076923077,7.111641791044776,5.409436225509796,7.065853658536585,6.903846153846154,1.5588235294117647,31.835236541598697
21.729212860310422,13.652219873150106,8.804089709762533,20.888698630136986,46.738901098901096,11.065671641791045,6.132746901239504,7.195121951219512,9.252622377622378,1.5,35.761419249592166
23.21480044345898,14.005285412262156,9.538258575197888,27.624143835616437,45.51604395604396,14.226268656716417,6.39344262295082,6.95609756097561,9.369755244755245,2.088235294117647,35.761419249592166
21.561529933481154,13.398520084566597,8.694591029023746,23.222602739726028,41.331428571428575,11.007164179104478,5.780487804878049,6.478048780487805,7.690559440559441,1.6176470588235294,25.831973898858074
18.31069844789357,11.751585623678647,7.953166226912929,19.742294520547944,52.636483516483516,8.417910447761194,4.748500599760096,5.6,6.31993006993007,1.2352941176470589,19.96411092985318
15.91491130820399,13.373150105708245,8.022427440633246,17.232876712328768,49.738901098901096,6.66865671641791,4.299880047980808,4.7926829268292686,5.185314685314685,1.1470588235294117,16.125611745513865
16.626662971175165,12.419661733615222,8.507255936675461,21.613013698630137,52.51296703296703,7.777910447761194,4.644142343062775,5.021951219512195,5.9973776223776225,1.4705882352941178,19.752039151712886
21.03409090909091,14.409090909090908,9.713720316622691,27.90667808219178,41.91076923076923,10.263880597014925,5.822870851659336,6.158536585365853,7.30506993006993,2.0,22.784665579119086
21.452328159645234,11.822410147991544,9.04815303430079,27.35445205479452,56.91472527472528,11.674029850746269,5.938024790083967,6.414634146341464,8.12062937062937,2.0294117647058822,24.34910277324633
18.950942350332593,10.879492600422832,7.325197889182058,23.976883561643834,61.1389010989011,10.872835820895522,5.688524590163935,5.9,6.90472027972028,2.2058823529411766,20.541598694942905
17.34839246119734,9.82029598308668,6.4069920844327175,20.044520547945204,59.74065934065934,9.974328358208956,5.2203118752499,5.2,5.812937062937063,1.8235294117647058,22.391517128874387
15.677660753880266,8.103594080338267,5.802110817941952,17.37928082191781,41.636043956043956,8.383283582089552,4.587764894042383,4.495121951219512,4.973776223776224,1.4705882352941178,20.438825448613375
14.216740576496674,7.299154334038055,5.620052770448549,17.005993150684933,30.017582417582418,7.318208955223881,4.273090763694523,4.197560975609756,4.451048951048951,1.2352941176470589,18.99184339314845
16.36640798226164,8.881606765327696,6.324538258575198,20.56678082191781,33.47120879120879,8.556417910447761,4.461015593762495,4.712195121951219,5.231643356643357,2.1176470588235294,19.223491027732464
19.814855875831487,10.645877378435518,7.146437994722955,23.87928082191781,41.68,9.773134328358209,5.420231907237105,6.597560975609756,6.936188811188811,2.6176470588235294,23.35236541598695
21.20648558758315,10.236786469344608,7.185356200527704,30.72517123287671,44.0567032967033,10.440597014925373,5.65373850459816,6.904878048780488,7.66520979020979,3.0,26.461663947797717
20.392184035476717,9.929175475687103,6.704485488126649,29.371575342465754,50.97538461538461,12.911044776119404,5.420231907237105,7.724390243902439,7.736013986013986,1.8235294117647058,23.197389885807503
17.906319290465632,9.020084566596195,6.41820580474934,28.05736301369863,50.427252747252744,11.137313432835821,4.8648540583766495,6.534146341463415,6.493006993006993,2.0294117647058822,21.31321370309951
15.206762749445677,8.126849894291755,5.490105540897098,21.988013698630137,52.37318681318681,9.74089552238806,4.218312674930028,5.482926829268293,5.016608391608392,1.588235294117647,14.293637846655791
13.207594235033259,7.896405919661734,5.029023746701847,20.554794520547944,34.82153846153846,5.951044776119403,3.933626549380248,4.4975609756097565,4.174825174825175,1.4705882352941178,12.151712887438826
14.633869179600888,10.609936575052854,6.306728232189974,24.569349315068493,38.97758241758242,8.268059701492538,4.282686925229908,4.45609756097561,4.659090909090909,1.1176470588235294,14.864600326264274
20.36917960088692,13.04016913319239,7.966358839050132,29.761986301369863,43.864615384615384,10.226268656716417,5.578968412634946,6.239024390243903,6.694055944055944,2.0294117647058822,20.445350734094617
22.182649667405766,15.937632135306554,8.825197889182059,31.67872431506849,48.57934065934066,12.429253731343284,6.224710115953618,6.890243902439025,8.979895104895105,3.5294117647058822,23.33115823817292
22.406042128603104,12.857293868921776,7.618733509234828,31.67872431506849,47.832527472527474,10.91820895522388,6.163534586165534,7.6292682926829265,9.116258741258742,4.352941176470588,23.616639477977163
19.009146341463413,9.594080338266386,6.83311345646438,30.339897260273972,34.5178021978022,10.923582089552239,5.536185525789684,6.824390243902439,7.581293706293707,4.117647058823529,20.169657422512234
16.33120842572062,7.876321353065539,5.812664907651715,25.882705479452056,29.104615384615386,8.620895522388059,4.5041983206717315,6.080487804878048,5.233391608391608,3.1176470588235294,15.64600326264274
15.180709534368072,7.474630021141649,5.62269129287599,19.107876712328768,26.396483516483517,9.00358208955224,4.139144342263095,5.14390243902439,4.576923076923077,2.411764705882353,12.717781402936378
17.424611973392462,9.252642706131079,7.4320580474934035,20.501712328767123,29.466373626373628,8.383283582089552,4.61375449820072,5.0390243902439025,5.343531468531468,2.5294117647058822,14.66394779771615
19.704268292682926,17.10570824524313,8.454485488126648,21.352739726027398,35.49406593406594,9.683582089552239,5.301479408236705,5.897560975609756,6.116258741258742,2.1176470588235294,18.644371941272432
21.210920177383592,17.30549682875264,8.621372031662268,20.41780821917808,36.81846153846154,9.965970149253732,5.606157536985206,7.1048780487804875,6.325174825174825,1.9705882352941178,19.262642740619903
18.878325942350333,15.339323467230445,6.963720316622691,18.961472602739725,39.72923076923077,8.484776119402985,5.210715713714515,6.619512195121951,5.731643356643357,1.411764705882353,18.37030995106036
17.552660753880264,6.3446088794926006,5.806068601583114,18.401541095890412,36.2421978021978,7.650746268656716,4.993202718912435,6.117073170731707,5.1678321678321675,1.4411764705882353,16.00163132137031
15.202328159645234,6.144820295983087,5.375989445910291,20.232876712328768,23.551648351648353,6.612537313432836,4.556577369052379,5.412195121951219,4.756993006993007,1.2941176470588236,17.709624796084828
14.297671840354766,6.274841437632135,5.611477572559367,19.501712328767123,29.866813186813186,5.96955223880597,4.5813674530187924,4.909756097560976,4.4178321678321675,1.3235294117647058,17.446982055464925
17.411585365853657,7.9038054968287526,6.162928759894459,22.251712328767123,30.106813186813188,6.315223880597015,4.901639344262295,4.829268292682927,6.483391608391608,1.8823529411764706,29.128874388254488
21.676274944567627,9.955602536997885,7.485488126649076,26.60445205479452,41.70505494505495,8.633432835820896,5.631747301079568,6.373170731707317,8.182692307692308,2.235294117647059,29.584013050570963
21.263858093126387,14.11522198731501,6.645778364116095,25.198630136986303,45.67076923076923,8.093731343283583,5.5041983206717315,7.04390243902439,7.1477272727272725,2.1176470588235294,29.179445350734095
20.906042128603104,15.628964059196617,6.469656992084433,24.42294520547945,42.69494505494505,7.760597014925374,5.04078368652539,6.382926829268293,6.16520979020979,1.6764705882352942,16.06851549755302
18.132760532150776,8.470401691331924,5.589709762532982,21.92808219178082,37.28923076923077,6.744477611940298,4.601359456217513,6.802439024390244,5.293706293706293,1.7647058823529411,15.570962479608482
15.13109756097561,8.022198731501057,4.759894459102902,18.701198630136986,29.841758241758242,5.49134328358209,3.8092762894842065,5.158536585365853,4.281468531468532,1.1764705882352942,10.484502446982056
15.286031042128602,8.10676532769556,5.110817941952506,18.773116438356166,21.86065934065934,5.781492537313433,4.091163534586165,4.863414634146341,4.6477272727272725,1.1764705882352942,10.63458401305057
20.58342572062084,14.550739957716702,9.345646437994723,31.67872431506849,54.99032967032967,11.342089552238805,5.838464614154338,6.9365853658536585,6.249125874125874,2.0588235294117645,18.6068515497553
20.203436807095343,14.209302325581396,7.768469656992084,31.67872431506849,49.51252747252747,9.019701492537314,6.429428228708517,7.34390243902439,6.524475524475524,2.5588235294117645,19.572593800978794
21.33342572062084,13.367864693446089,7.848944591029023,31.494006849315067,49.73362637362637,10.690746268656717,7.005197920831668,7.560975609756097,7.024475524475524,3.1470588235294117,20.587275693311582
19.146064301552105,11.963002114164905,7.034960422163588,23.91780821917808,56.33318681318681,8.96,6.241903238704518,6.451219512195122,6.0122377622377625,2.1176470588235294,17.241435562805872
17.38248337028825,11.586680761099366,6.299472295514512,21.90496575342466,52.918241758241756,8.181492537313433,5.871651339464214,5.9975609756097565,5.671328671328672,2.1176470588235294,17.339314845024468
15.891629711751664,9.673361522198732,6.397757255936676,20.36558219178082,50.27604395604396,7.059104477611941,4.76329468212715,5.714634146341464,5.066433566433567,1.588235294117647,15.64437194127243
15.074833702882483,8.113107822410148,6.825197889182058,19.73972602739726,52.465054945054945,7.364776119402985,5.072371051579368,5.8463414634146345,5.240384615384615,1.9705882352941178,15.3442088091354
18.425166297117517,9.834038054968287,7.29221635883905,29.767123287671232,48.87296703296703,9.016119402985074,5.700919632147141,6.109756097560975,5.783216783216783,2.7058823529411766,16.791190864600328
20.263858093126387,11.546511627906977,8.071899736147758,31.67872431506849,58.43692307692308,10.02865671641791,6.113954418232707,6.9609756097560975,6.411713286713287,2.7941176470588234,18.67699836867863
20.77660753880266,14.798097251585624,8.073218997361478,31.67872431506849,63.58461538461538,10.259701492537314,6.316273490603758,6.821951219512195,6.534090909090909,3.088235294117647,19.137030995106034
21.358924611973393,14.850951374207188,7.891820580474934,30.339897260273972,64.08703296703297,10.396417910447761,6.235905637744902,6.560975609756097,7.437937062937063,2.2941176470588234,20.843393148450243
19.050443458980045,14.541226215644821,7.0263852242744065,23.460616438356166,54.386373626373626,9.785671641791044,5.717313074770092,5.963414634146342,6.694055944055944,2.1176470588235294,18.66884176182708
16.800443458980045,11.775898520084567,6.945250659630607,21.60445205479452,44.7243956043956,8.632835820895522,5.090763694522191,5.209756097560976,6.2875874125874125,2.0294117647058822,15.574225122349104
16.226164079822617,10.546511627906977,7.872031662269129,20.784246575342465,43.003076923076925,7.901492537313433,4.8220711715313875,4.8585365853658535,5.550699300699301,1.6764705882352942,13.758564437194128
18.735864745011085,12.709302325581396,7.815963060686016,26.613869863013697,58.36175824175824,8.988059701492537,5.593362654938025,5.451219512195122,6.84527972027972,1.8529411764705883,20.424143556280587
21.154656319290467,12.20507399577167,9.634564643799472,29.873287671232877,70.88791208791208,14.572537313432836,6.250699720111955,7.090243902439024,7.424825174825175,2.088235294117647,24.756933115823816
20.84922394678492,11.617336152219874,8.781662269129287,30.95291095890411,72.05186813186813,15.266865671641792,6.200719712115154,6.919512195121952,6.863636363636363,2.176470588235294,25.148450244698207
18.83148558758315,15.118393234672304,7.288918205804749,23.83304794520548,60.29846153846154,15.15820895522388,5.630547780887645,5.904878048780488,5.972027972027972,2.088235294117647,22.32300163132137
16.431541019955652,13.645877378435518,5.904353562005277,19.694349315068493,47.08307692307692,9.72955223880597,5.075569772091163,5.321951219512195,5.2526223776223775,2.0,16.62969004893964
14.712583148558759,12.523255813953488,7.651055408970977,18.3125,40.62417582417582,7.846567164179104,4.574170331867253,4.585365853658536,5.256118881118881,1.6764705882352942,14.389885807504077
16.20648558758315,7.95137420718816,8.719656992084433,18.43236301369863,39.708131868131865,8.0955223880597,4.733706517393043,4.8707317073170735,5.868006993006993,1.8529411764705883,19.36867862969005
19.29850332594235,8.339323467230445,8.178759894459104,19.51455479452055,46.65406593406593,9.866865671641792,5.254298280687725,5.085365853658536,6.687062937062937,1.9705882352941178,28.96084828711256
19.039079822616408,10.799154334038056,9.443931398416886,23.563356164383563,59.278241758241755,12.524179104477613,5.813274690123951,6.1414634146341465,8.8006993006993,1.8235294117647058,34.1321370309951
18.77882483370288,11.546511627906977,8.046174142480211,22.250856164383563,62.215384615384615,11.578507462686566,5.7584966013594565,5.817073170731708,7.318181818181818,1.8235294117647058,28.900489396411093
17.62749445676275,12.340380549682875,7.1596306068601585,20.199486301369863,58.9621978021978,12.194626865671642,5.615753698520591,5.926829268292683,6.423076923076923,1.8235294117647058,22.138662316476346
14.564855875831485,9.81183932346723,6.230211081794195,17.09246575342466,47.33582417582418,11.554626865671642,4.854458216713315,4.8585365853658535,5.26486013986014,1.2352941176470589,19.61500815660685
14.248059866962306,7.661733615221987,6.04155672823219,17.84417808219178,42.956483516483516,9.688358208955224,4.805677728908437,4.912195121951219,4.7770979020979025,1.4705882352941178,27.412724306688418
14.212305986696231,7.252642706131078,5.769129287598944,17.580479452054796,42.63076923076923,8.728358208955225,4.821671331467413,4.753658536585366,4.666083916083916,1.4411764705882353,29.4257748776509
17.322062084257205,8.283298097251585,6.3931398416886545,18.91695205479452,42.41186813186813,9.398805970149255,5.4994002399040385,5.556097560975609,5.396853146853147,1.6470588235294117,35.761419249592166
20.7220066518847,13.486257928118393,7.396437994722955,21.163527397260275,55.87164835164835,12.288358208955223,6.49140343862455,6.375609756097561,6.1520979020979025,1.9705882352941178,26.59380097879282
21.07788248337029,9.657505285412261,7.142480211081794,21.071061643835616,52.75032967032967,11.789253731343283,6.202718912435026,6.541463414634146,6.0323426573426575,1.8823529411764706,29.28058727569331
20.14440133037694,10.815010570824525,6.5653034300791555,19.84931506849315,84.49538461538461,15.266865671641792,6.171931227508996,6.512195121951219,6.256118881118881,1.9705882352941178,22.495921696574225
17.174611973392462,9.976744186046512,5.496042216358839,16.4375,78.31120879120878,14.867462686567164,5.568572570971611,5.7682926829268295,5.5576923076923075,1.8529411764705883,17.67862969004894
14.375554323725055,8.050739957716702,6.08311345646438,15.498287671232877,54.97010989010989,9.9044776119403,5.117153138744502,4.509756097560976,4.73513986013986,1.5588235294117647,13.03425774877651
15.054323725055433,7.399577167019028,6.189313984168866,16.90582191780822,55.20923076923077,10.546268656716418,4.908036785285885,4.8,5.134615384615385,1.6470588235294117,12.809135399673735
16.533536585365855,9.363636363636363,6.62467018469657,21.25,50.24307692307692,9.647164179104477,6.401039584166334,6.139024390243902,5.806818181818182,1.911764705882353,16.827079934747147
19.520232815964523,10.766384778012686,10.704485488126648,23.431506849315067,54.55692307692308,11.174925373134329,6.838864454218313,7.0390243902439025,6.561188811188811,2.5,20.814029363784666
20.30737250554324,12.26215644820296,11.238126649076516,23.954623287671232,53.863296703296704,10.537910447761194,6.383046781287485,7.5634146341463415,6.910839160839161,2.4411764705882355,20.531810766721044
18.290742793791573,11.059196617336152,10.7532981530343,18.971746575342465,49.46989010989011,8.773134328358209,5.731307477009197,7.690243902439025,6.09527972027972,1.7352941176470589,18.254486133768353
16.48059866962306,10.043340380549683,10.04419525065963,18.220890410958905,41.755604395604394,7.82089552238806,5.083166733306677,6.758536585365854,5.126748251748252,1.8235294117647058,16.23654159869494
13.961474501108647,7.6839323467230445,7.66688654353562,16.267979452054796,38.62373626373626,6.841791044776119,4.604158336665334,6.882926829268293,4.580419580419581,1.2941176470588236,14.473083197389887
15.869456762749445,8.850951374207188,6.754617414248021,16.961472602739725,41.26549450549451,8.132537313432836,5.125949620151939,5.921951219512195,5.013986013986014,1.1470588235294117,15.939641109298531
20.496951219512194,8.822410147991544,7.368733509234828,22.493150684931507,55.073846153846155,10.056119402985075,6.7317073170731705,6.595121951219512,6.414335664335664,2.1470588235294117,18.804241435562805
22.340077605321508,9.094080338266386,8.402374670184697,25.470890410958905,67.38857142857142,11.600597014925373,7.180727708916433,6.980487804878049,6.821678321678322,1.6470588235294117,21.879282218597062
23.713414634146343,9.59830866807611,8.139182058047494,25.15667808219178,60.38021978021978,13.52179104477612,7.175129948020792,7.470731707317073,7.798076923076923,2.4411764705882355,20.553017944535075
22.06790465631929,8.32029598308668,6.781002638522428,21.658390410958905,59.199560439560436,13.441194029850747,6.615753698520591,7.073170731707317,7.045454545454546,2.323529411764706,20.742251223491028
19.38442350332594,9.9830866807611,6.12664907651715,17.481164383561644,51.71208791208791,9.777313432835822,6.036385445821671,7.070731707317073,6.7071678321678325,2.235294117647059,29.66394779771615
17.605044345898005,7.600422832980972,5.919525065963061,17.09503424657534,47.167472527472526,7.974925373134329,5.930827668932427,6.636585365853659,5.855769230769231,1.7941176470588236,25.6231647634584
18.509146341463413,8.048625792811839,6.224274406332454,19.195205479452056,43.503296703296705,7.595223880597015,5.847261095561775,6.7926829268292686,5.581293706293707,1.5294117647058822,20.216965742251222
25.26080931263858,7.73784355179704,7.385224274406332,23.340753424657535,50.30285714285714,8.991641791044776,6.626149540183927,7.404878048780488,6.164335664335664,1.6176470588235294,18.443719412724306
30.371119733924612,8.575052854122621,8.202506596306069,24.851027397260275,58.7978021978022,10.856119402985074,7.377449020391843,7.817073170731708,7.648601398601398,2.411764705882353,21.35236541598695
30.01330376940133,8.61522198731501,7.734168865435357,23.512842465753426,60.33758241758242,11.707462686567164,7.196321471411435,9.097560975609756,7.520104895104895,2.2058823529411766,21.62642740619902
28.608647450110865,8.226215644820297,7.257255936675461,21.060787671232877,54.04659340659341,10.341492537313433,7.084366253498601,8.934146341463414,7.624125874125874,2.2941176470588234,21.3442088091354
24.039634146341463,8.00739957716702,6.611477572559367,21.428938356164384,55.90593406593407,8.591641791044776,6.271891243502599,8.21951219512195,6.566433566433567,2.0,20.190864600326265
20.7730044345898,7.440803382663848,6.173482849604222,19.357020547945204,48.107252747252744,7.9128358208955225,5.439024390243903,6.017073170731707,6.008741258741258,1.7058823529411764,20.768352365415986
20.877217294900223,7.06553911205074,5.786279683377309,20.47003424657534,48.58681318681319,7.223880597014926,5.401839264294282,6.45609756097561,5.423076923076923,1.6764705882352942,23.517128874388256
24.36890243902439,7.572938689217759,6.437994722955145,24.137842465753426,49.10813186813187,8.244776119402985,6.1619352259096365,9.085365853658537,5.984265734265734,2.2941176470588234,22.921696574225123
27.306541019955652,8.349894291754756,7.299472295514512,24.147260273972602,55.85802197802198,9.942089552238805,6.678928428628549,10.234146341463415,6.858391608391608,2.3529411764705883,24.203915171288745
23.62749445676275,7.891120507399577,6.571899736147757,18.126712328767123,49.17934065934066,9.282985074626867,6.0751699320271895,9.373170731707317,7.043706293706293,2.7058823529411766,21.507340946166394
17.53159645232816,5.886892177589852,4.410290237467018,14.93236301369863,37.50725274725275,7.371940298507463,4.788084766093562,5.602439024390244,5.490384615384615,2.1470588235294117,13.871125611745514
11.132206208425721,4.688160676532769,3.5811345646437993,12.400684931506849,27.268571428571427,6.352835820895522,3.608156737305078,4.158536585365853,4.376748251748252,1.588235294117647,8.00489396411093
8.572062084257206,3.3403805496828753,2.9630606860158313,11.056506849315069,20.708571428571428,5.816716417910448,2.775689724110356,3.0195121951219512,3.049825174825175,1.3529411764705883,5.4013050570962475
8.781873614190687,3.3742071881606766,3.6213720316622693,10.63013698630137,27.15208791208791,5.754029850746269,3.0095961615353857,3.1731707317073172,3.1424825174825175,1.2941176470588236,5.766721044045677
12.539079822616408,3.609936575052854,4.075857519788919,15.075342465753424,37.27120879120879,7.497313432835821,3.8796481407437025,3.9292682926829268,4.291958041958042,1.4411764705882353,11.574225122349104
17.773835920177383,6.650105708245243,5.950527704485488,22.055650684931507,64.08835164835165,9.343880597014925,5.261495401839264,6.175609756097561,6.3321678321678325,1.8235294117647058,16.481239804241437
22.27189578713969,8.077167019027485,7.799472295514512,24.362157534246574,76.24835164835164,14.267462686567164,6.272291083566573,7.639024390243902,8.843531468531468,2.235294117647059,29.800978792822185
23.928769401330378,9.04968287526427,8.362137203166228,31.409246575342465,80.0334065934066,15.164179104477611,6.9004398240703715,8.002439024390243,9.319055944055943,2.911764705882353,29.75530179445351
19.928769401330378,8.174418604651162,8.065963060686016,29.75428082191781,72.48703296703297,14.465671641791046,6.4346261495401835,8.514634146341463,8.094405594405595,2.4411764705882355,19.35889070146819
17.468126385809313,7.175475687103594,7.186015831134565,27.233732876712327,43.01274725274725,12.725373134328358,5.799680127948821,8.373170731707317,6.618006993006993,2.088235294117647,16.823817292006524
16.354212860310422,6.807610993657505,6.215699208443271,26.752568493150687,38.216703296703294,8.999402985074626,5.878848460615754,8.065853658536586,5.744755244755245,1.6176470588235294,13.835236541598695
18.97477827050998,6.636363636363637,7.072559366754618,30.059931506849313,47.03868131868132,9.168955223880596,6.530587764894042,8.129268292682926,6.486013986013986,2.2941176470588234,15.753670473083197
21.120842572062084,7.569767441860465,7.463060686015831,31.67872431506849,59.19472527472527,10.210746268656717,7.151539384246301,8.2,7.009615384615385,2.2058823529411766,17.094616639477977
23.134977827051,8.946088794926004,7.773087071240106,31.67872431506849,67.36263736263736,10.741492537313432,7.617752898840464,8.465853658536586,7.81993006993007,3.8529411764705883,28.872756933115824
22.745842572062084,9.503171247357294,7.405672823218997,28.796232876712327,67.0145054945055,10.477014925373135,7.218712514994002,8.192682926829269,7.385489510489511,3.9705882352941178,23.773246329526916
19.323725055432373,8.643763213530656,6.370052770448549,24.880993150684933,63.95032967032967,9.579701492537314,6.6093562574970015,6.839024390243902,6.954545454545454,3.6470588235294117,19.982055464926592
17.00360310421286,7.077167019027484,6.065963060686016,23.743150684931507,58.26725274725275,8.251940298507463,5.791283486605358,6.024390243902439,6.199300699300699,3.323529411764706,17.267536704730833
17.312638580931264,6.716701902748414,6.486807387862797,26.488013698630137,62.787252747252744,8.147462686567165,6.021191523390644,6.321951219512195,6.347027972027972,1.7058823529411764,18.25611745513866
23.931541019955652,9.13107822410148,7.323878627968337,29.77054794520548,62.364395604395604,9.154626865671641,6.94922031187525,7.265853658536585,6.774475524475524,1.8529411764705883,24.94453507340946
25.477549889135254,7.056025369978858,7.12532981530343,27.886130136986303,71.99032967032967,9.56,7.532986805277889,8.519512195121951,7.1573426573426575,2.2058823529411766,30.00163132137031
25.912971175166298,7.680761099365751,6.883905013192612,24.046232876712327,68.22901098901099,9.96,7.406637345061975,8.707317073170731,7.19493006993007,2.676470588235294,28.380097879282218
22.850055432372507,6.422832980972516,5.523087071240106,21.033390410958905,53.81186813186813,8.874029850746268,6.956017592962815,7.829268292682927,6.543706293706293,2.323529411764706,29.197389885807503
18.393015521064303,4.846723044397463,5.021767810026385,19.521404109589042,42.14197802197802,7.509850746268657,6.2890843662534985,7.1536585365853655,5.652972027972028,1.7647058823529411,21.732463295269167
17.53991130820399,4.583509513742072,4.819920844327177,20.063356164383563,37.25978021978022,6.291940298507463,6.2439024390243905,6.158536585365853,5.593531468531468,1.2647058823529411,14.699836867862969
17.107538802660756,4.576109936575053,5.082453825857519,16.26969178082192,38.69978021978022,7.141492537313433,6.264294282287085,5.931707317073171,5.3173076923076925,0.9117647058823529,15.522022838499185
20.504157427937916,5.341437632135307,6.426781002638522,27.96318493150685,48.432527472527475,9.730746268656716,7.1791283486605355,6.719512195121951,6.339160839160839,1.1176470588235294,16.538336052202283
22.389135254988915,5.8171247357293865,7.245382585751979,29.27054794520548,56.714285714285715,10.182686567164179,7.228708516593363,7.890243902439025,6.8522727272727275,1.1764705882352942,17.95595432300163
20.964246119733925,5.560253699788584,6.415567282321899,25.334760273972602,60.04659340659341,8.059701492537313,6.7624950019992,8.81219512195122,6.413461538461538,1.411764705882353,17.29690048939641
18.37139689578714,5.391120507399577,5.922823218997362,22.232020547945204,51.87340659340659,6.372537313432836,6.128348660535786,9.304878048780488,5.97027972027972,1.2647058823529411,15.779771615008157
18.112250554323726,3.288583509513742,4.994722955145119,18.398972602739725,41.535824175824175,5.715820895522388,5.401039584166334,8.570731707317073,4.868881118881119,1.3235294117647058,12.264274061990212
16.887749445676274,3.2103594080338267,4.422163588390501,16.39041095890411,35.5454945054945,5.038805970149253,5.05717712914834,6.251219512195122,4.2622377622377625,1.3529411764705883,11.810766721044045
18.270787139689578,3.473572938689218,4.680079155672823,21.125856164383563,46.69318681318681,5.214925373134329,5.470611755297881,6.517073170731707,4.909090909090909,1.3529411764705883,13.285481239804241
20.302937915742795,3.620507399577167,4.982849604221636,24.888698630136986,56.17318681318681,5.768955223880597,5.981207516993202,7.524390243902439,6.048076923076923,1.588235294117647,16.432300163132137
5.722907427937919,0.008456659619450317,0.7038258575197904,4.348244863013701,2.9318681318681317,0.8298507462686567,2.1712315073970427,2.0097560975609756,1.8203671328671307,0.08823529411764706,1.4910277324632952
5.722907427937919,0.007399577167019027,0.7038258575197904,4.348244863013701,2.454065934065934,0.7880597014925373,2.1712315073970427,1.9634146341463414,1.8203671328671307,0.0,0.766721044045677
5.722907427937919,0.007399577167019027,0.7038258575197904,4.348244863013701,2.0413186813186814,0.7528358208955224,2.1712315073970427,2.1951219512195124,1.8203671328671307,0.08823529411764706,1.2479608482871125
5.722907427937919,0.004228329809725159,0.7038258575197904,4.348244863013701,1.9652747252747254,0.7397014925373134,2.1712315073970427,1.8414634146341464,1.8203671328671307,0.058823529411764705,1.0456769983686787
5.722907427937919,0.003171247357293869,0.7038258575197904,4.348244863013701,1.8813186813186813,0.7659701492537313,2.1712315073970427,2.1341463414634148,1.8203671328671307,0.029411764705882353,0.4763458401305057
5.722907427937919,0.003171247357293869,0.7038258575197904,4.348244863013701,1.8421978021978023,0.68,2.1712315073970427,1.7975609756097561,1.8203671328671307,0.0,0.598694942903752
5.722907427937919,0.003171247357293869,0.7038258575197904,4.348244863013701,2.169230769230769,0.6411940298507462,2.1712315073970427,2.0121951219512195,1.8203671328671307,0.0,2.707993474714519
5.722907427937919,0.003171247357293869,0.7038258575197904,4.348244863013701,3.0545054945054946,0.6883582089552239,2.1712315073970427,2.2512195121951217,1.8203671328671307,0.029411764705882353,4.755301794453508
5.722907427937919,0.003171247357293869,0.7038258575197904,4.348244863013701,3.9912087912087912,0.68,2.1712315073970427,2.104878048780488,1.8203671328671307,0.058823529411764705,5.305057096247961
5.722907427937919,0.0021141649048625794,0.7038258575197904,4.348244863013701,4.430769230769231,0.7038805970149253,2.1712315073970427,2.1975609756097563,1.8203671328671307,0.058823529411764705,3.5269168026101143
5.722907427937919,0.0010570824524312897,0.7038258575197904,4.348244863013701,4.304615384615385,0.7038805970149253,2.1712315073970427,2.1219512195121952,1.8203671328671307,0.029411764705882353,1.8482871125611746
5.722907427937919,0.004228329809725159,0.7038258575197904,4.348244863013701,2.761758241758242,0.6179104477611941,2.1712315073970427,1.946341463414634,1.8203671328671307,0.029411764705882353,1.3572593800978794
5.722907427937919,0.006342494714587738,0.7038258575197904,4.348244863013701,2.105054945054945,0.5904477611940299,2.1712315073970427,1.6902439024390243,1.8203671328671307,0.029411764705882353,1.1468189233278956
5.722907427937919,0.005285412262156448,0.7038258575197904,4.348244863013701,1.9120879120879122,0.8,2.1712315073970427,1.8804878048780487,1.8203671328671307,0.029411764705882353,1.1843393148450245
5.722907427937919,0.010570824524312896,0.7038258575197904,4.348244863013701,1.7929670329670329,0.9056716417910448,2.1712315073970427,2.0097560975609756,1.8203671328671307,0.029411764705882353,0.7112561174551386
5.722907427937919,0.011627906976744186,0.7038258575197904,4.348244863013701,1.4773626373626374,0.7731343283582089,2.1712315073970427,2.5365853658536586,1.8203671328671307,0.029411764705882353,0.8172920065252854
5.722907427937919,0.005285412262156448,0.7038258575197904,4.348244863013701,1.279120879120879,0.6376119402985074,2.1712315073970427,2.4097560975609755,1.8203671328671307,0.029411764705882353,0.7699836867862969
5.722907427937919,0.003171247357293869,0.7038258575197904,4.348244863013701,1.0681318681318681,0.47880597014925375,2.1712315073970427,1.7341463414634146,1.8203671328671307,0.029411764705882353,0.5840130505709625
5.722907427937919,0.0021141649048625794,0.7038258575197904,4.348244863013701,1.1318681318681318,0.3850746268656716,2.1712315073970427,1.524390243902439,1.8203671328671307,0.029411764705882353,0.44861337683523655
5.722907427937919,0.003171247357293869,0.7038258575197904,4.348244863013701,1.4452747252747253,0.34507462686567164,2.1712315073970427,1.2634146341463415,1.8203671328671307,0.029411764705882353,0.5106035889070146
5.722907427937919,0.003171247357293869,0.7038258575197904,4.348244863013701,1.5727472527472528,0.4,2.1712315073970427,1.726829268292683,1.8203671328671307,0.029411764705882353,0.6688417618270799
5.722907427937919,0.0010570824524312897,0.7038258575197904,4.348244863013701,1.6307692307692307,0.3564179104477612,2.1712315073970427,2.3634146341463413,1.8203671328671307,0.029411764705882353,0.9102773246329527
5.722907427937919,0.0021141649048625794,0.7038258575197904,4.348244863013701,1.5265934065934066,0.40955223880597014,2.1712315073970427,2.024390243902439,1.8203671328671307,0.058823529411764705,0.8107667210440457
5.722907427937919,0.004228329809725159,0.7038258575197904,4.348244863013701,1.3692307692307693,0.44298507462686565,2.1712315073970427,2.0585365853658537,1.8203671328671307,0.058823529411764705,2.6965742251223492
5.722907427937919,0.007399577167019027,0.7038258575197904,4.348244863013701,1.3912087912087912,0.34865671641791046,2.1712315073970427,1.2902439024390244,1.8203671328671307,0.058823529411764705,2.605220228384992
5.722907427937919,0.009513742071881607,0.7038258575197904,4.348244863013701,1.2584615384615385,0.351044776119403,2.1712315073970427,1.1951219512195121,1.8203671328671307,0.058823529411764705,3.0522022838499185
5.722907427937919,0.010570824524312896,0.7038258575197904,4.348244863013701,1.4268131868131868,0.3844776119402985,2.1712315073970427,1.1780487804878048,1.8203671328671307,0.08823529411764706,1.1533442088091355
5.722907427937919,0.008456659619450317,0.7038258575197904,4.348244863013701,1.5582417582417583,0.5164179104477612,2.1712315073970427,1.3926829268292682,1.8203671328671307,0.11764705882352941,1.4845024469820554
5.722907427937919,0.006342494714587738,0.7038258575197904,4.348244863013701,1.676923076923077,0.5313432835820896,2.1712315073970427,1.4829268292682927,1.8203671328671307,0.11764705882352941,1.5464926590538337
5.722907427937919,0.004228329809725159,0.7038258575197904,4.348244863013701,1.5701098901098902,0.28776119402985073,2.1712315073970427,1.7829268292682927,1.8203671328671307,0.08823529411764706,1.3164763458401305
5.722907427937919,0.007399577167019027,0.7038258575197904,4.348244863013701,1.6523076923076923,0.3044776119402985,2.1712315073970427,1.6292682926829267,1.8203671328671307,0.058823529411764705,0.9282218597063622
5.722907427937919,0.004228329809725159,0.7038258575197904,4.348244863013701,1.2575824175824175,0.26029850746268657,2.1712315073970427,1.3829268292682926,1.8203671328671307,0.029411764705882353,0.7373572593800979
5.722907427937919,0.004228329809725159,0.7038258575197904,4.348244863013701,1.2083516483516483,0.23641791044776017,2.1712315073970427,1.5292682926829269,1.8203671328671307,0.029411764705882353,0.38825448613376834
5.722907427937919,0.004228329809725159,0.7038258575197904,4.348244863013701,1.1063736263736264,0.23641791044776017,2.1712315073970427,1.4853658536585366,1.8203671328671307,0.029411764705882353,0.433931484502447
12.023558758314856,2.2346723044397465,2.548812664907652,11.968321917808218,27.434725274725274,3.0692537313432835,3.1251499400239906,4.682926829268292,4.155594405594406,0.6764705882352942,9.00489396411093
10.182372505543237,2.0422832980972516,2.741424802110818,12.834760273972602,28.215384615384615,3.149850746268657,3.3374650139944024,4.782926829268293,3.3487762237762237,2.2058823529411766,12.060358890701469
9.908259423503326,1.5835095137420718,2.2645118733509233,9.47345890410959,18.45186813186813,3.231641791044776,2.887644942023191,5.124390243902439,3.799825174825175,0.23529411764705882,15.724306688417618
9.93930155210643,1.4228329809725158,2.3357519788918206,8.333047945205479,18.664175824175825,2.2250746268656716,2.193922431027589,3.229268292682927,3.450174825174825,1.088235294117647,9.33278955954323
8.502771618625276,1.7822410147991543,2.2638522427440635,8.190924657534246,19.995604395604396,2.6752238805970148,2.6505397840863654,3.9414634146341463,2.8295454545454546,0.5,6.536704730831974
11.151053215077605,2.022198731501057,3.1602902374670183,12.624143835616438,23.85186813186813,3.10089552238806,3.618952419032387,4.904878048780488,4.071678321678322,1.6470588235294117,10.98858075040783
14.936252771618625,2.4006342494714588,3.608179419525066,14.67722602739726,23.743736263736263,3.2220895522388058,3.782886845261895,4.6414634146341465,4.449300699300699,1.588235294117647,7.66231647634584
